{"intercept": 0.09303109926136571, "coefficients": [0.04360460684410491, 0.06649616067771043, -0.3129927705502807, -0.09828955832554152, 0.027559873630658933, 0.15588031984156364, -0.10571647574182913, 0.2209192663803902], "classes": [-1.0, 1.0], "column_names": ["deep_duration", "light_duration", "rating_morning", "rem_duration", "sleep_duration", "sleep_score", "sleep_stress", "stress_avg"], "scaler_mean": [4450.486725663717, 19047.173347214994, 1846.504424778761, 4582.948984903696, 28083.152524726705, 73.43427902134306, 22.689224362311297, 27.153392330383483], "scaler_std": [1277.9273551517047, 3147.28486381751, 31.38826901485277, 1748.7697155795224, 3665.025589281098, 13.138752871687984, 7.145278810507096, 6.265831143420369]}