{"intercept": 260.5103742299941, "coefficients": [-0.22493480714595002, -0.23163485095695596, -0.006843642340389536, -0.008346476983682821, 0.8785667947450625, -0.007341530470214999, 0.008138744474348796, -0.7422267347124657, 0.12230837181973214], "column_names": ["battery_charged", "battery_max", "deep_duration", "light_duration", "rating", "rem_duration", "sleep_duration", "sleep_stress", "stress_avg"]}