{"intercept": 0.054901677137445835, "coefficients": [0.031026253193966343, 0.12178547874921278, 0.06171725248033464, 0.30131990623131466, -0.11663799541219734, 0.020949876938298747, 0.39797933755084647, 0.5253619242596163, -0.09371196039576704], "classes": [-1, 1], "column_names": ["battery_max", "deep_duration", "light_duration", "rating", "rem_duration", "sleep_duration", "sleep_score", "sleep_stress", "stress_avg"], "scaler_mean": [74.1425496292753, 4302.696512233212, 18818.46434148881, 1846.1858407079646, 4717.675689744924, 27841.43948464341, 73.55283706402915, 22.729698073919835, 27.79039190897598], "scaler_std": [15.01536788270046, 1348.0284949725228, 2822.2692048056524, 29.654216274878703, 1943.8318256679968, 3639.410138150554, 14.04495980658482, 7.892609542655103, 7.476376000078927]}