{"deep_duration": [4299.347826086957, 4237.397260273972], "light_duration": [19004.3989769821, 19446.672038678484], "rem_duration": [4646.150895140665, 4716.285253827559], "sleep_duration": [27951.919011082697, 28402.792103142627], "sleep_score": [72.27088661551578, 73.38879935535859], "sleep_stress": [22.989769820971865, 23.29572925060435], "stress_avg": [26.81159420289855, 27.826484018264843]}