{"battery_charged": [50.42857142857143, 47.96551724137931], "battery_max": [72.75161772025884, 75.9661480235492], "deep_duration": [4044.8513119533527, 4426.433497536946], "light_duration": [19418.309037900875, 18753.990147783254], "rem_duration": [4680.291545189504, 4786.256157635468], "sleep_duration": [28145.2211856171, 27970.25024630542], "sleep_stress": [23.41943634596696, 21.769950738916258], "stress_avg": [27.0, 26.46551724137931]}