{"battery_max": [74.2945945945946, 73.9801051051051], "deep_duration": [4084.6890756302523, 4339.950980392157], "light_duration": [19398.126050420167, 18897.745098039217], "rem_duration": [4825.701680672269, 4655.808823529412], "sleep_duration": [28312.003151260502, 27896.075571895424], "sleep_score": [72.99747899159664, 73.81454248366013], "sleep_stress": [22.62121848739496, 22.860702614379086], "stress_avg": [27.914285714285715, 27.40714285714286]}